distance_m,speed_mps
0.0,48.69471373678483
1.999030958406626,48.8591726591478
3.9981644784599037,49.01900225858369
5.997193543087649,49.17776223466014
7.996328960457963,49.33546581506955
9.995357024762063,49.49212596072338
11.994493472840068,49.64775537329061
13.993521455709983,49.80236650246352
15.992658023019231,49.95597155296285
17.99168668366117,50.10858249129357
19.99082262441146,50.26021105226211
21.989852669038477,50.41086874526527
23.98898728301912,50.56056686036054
25.988019331641862,50.70931647412702
27.987152002013666,50.85714296210945
29.98618660222078,51.00406074432527
31.98531677926922,51.15007996012856
33.984354413291804,51.29521056468543
35.983481614780366,51.43946233367009
37.982522698431296,51.58284486780756
39.981646501829154,51.72536759726895
41.98069138273684,51.8670397859252
43.9798114393489,52.00787053546482
45.97886040579193,52.14786878938087
47.97797642026944,52.28704333683232
49.97702969905246,52.4254028163845
51.976141433986264,52.56267652932258
53.97519919786367,52.69797245725762
55.97430647872655,52.83132855646284
57.973368837566106,52.96278176158067
59.9724715516595,53.09236802291053
61.97153871319264,53.22012234196507
63.97063668245447,53.34607880539202
65.9697095500247,53.47027061735265
67.96880188241184,53.59273013044181
69.96788134452858,53.71348887522907
71.96696707486495,53.83257758849546
73.96605243838059,53.95002624023543
75.96513217183865,54.06586405948958
77.96422159613724,54.18011955906937
79.96329719947063,54.29282055923135
81.96238981052151,54.40481453619936
83.96146223653552,54.51621398328222
85.96055792269833,54.6270241270436
87.9596272607731,54.73725012104057
89.9587255822065,54.84689704725734
91.95779226369854,54.95596991750288
93.95689268694088,55.06447367477337
95.95595724424928,55.17241319458079
97.95505924855566,55.2797932862483
99.95412207276216,55.38661869417386
101.95322214012205,55.49289409906271
103.9522865715323,55.59862411912977
105.9513805515523,55.70381331127289
107.9504510945425,55.80846617221772
109.9495407310356,55.91258713963512
111.94861587425254,56.01618059323185
113.94770391294402,56.11924338079108
115.94678069056,56.22175403655672
117.9458674359791,56.32371723698311
119.94494553568747,56.42513759675532
121.94403122735959,56.52601966993387
123.94311040892812,56.62636795107215
125.9421953114622,56.72618687630734
127.94127531416332,56.82548082442558
129.94035965083276,56.92425411790223
131.93944024043822,57.02251102391782
133.93852416421615,57.12025575535035
135.9376051799794,57.21749247174481
137.93668880426728,57.31422528026027
139.93577013525552,57.41045823659554
141.9348535522613,57.50619534589352
143.93393509778934,57.60144056362533
145.93301839159332,57.69619779645441
147.93210007146314,57.79047090308131
149.9311833098955,57.88426369506964
151.93026505627685,57.97760526852959
153.9293482926836,58.07049972655446
155.928430045519,58.16295040927018
157.92751332723986,58.25496061799662
159.9265950388327,58.34653361588141
161.9256784001352,58.43767262852048
163.92476003727904,58.5283808445656
165.92384350466185,58.61866141631923
167.92292503414637,58.70851746031701
169.92200862067818,58.79795205789834
171.9210900333207,58.88696825576503
173.92017374536246,58.97556906652873
175.91925502985788,59.06375746924707
177.91833886670298,59.15153640994897
179.91742001951587,59.23890880214937
181.91650397021482,59.3258775273536
183.91558500441948,59.41244543555167
185.91466905625333,59.49861534570272
187.9137499884553,59.58439004620984
189.91283417322046,59.6697722953856
191.91191496844525,59.75470611479513
193.91099928013887,59.83918835446667
195.9100799334403,59.92322250287403
197.90916427526093,60.00681200814233
199.9082448919205,60.08996027869878
201.90732922465682,60.17267068391002
203.90640985449005,60.25494655470626
205.90549419651143,60.3367911841925
207.9045748186734,60.41820782824736
209.9036591947127,60.49918081372427
211.90273972194277,60.57969012886198
213.90182338091668,60.65973949183162
215.90090449293837,60.73933257716522
217.8999867646678,60.81847301646577
219.89906931006968,60.89716439910235
221.89815077818207,60.65047814038819
223.89723422350613,60.33964244212399
225.89631540344405,60.02719716157456
227.8953991544651,59.71309722363286
229.8944802334705,59.39731626057719
231.89356411849354,59.0797358218682
233.89264525625433,58.76033587049407
235.89172908592164,58.4390916967635
237.89081027961,58.11598206231204
239.8898940578079,57.79098112481527
241.8889753088386,57.4640663235102
243.88805902744258,57.13521029201554
245.88714029942798,56.80438912981585
247.8862239849329,56.47157499440277
249.8853052012119,56.13674343858213
251.88438893735,55.79987763712541
253.88347006012154,55.46095797956331
255.88255389175987,55.11997161492654
257.8816349143122,54.77690001080102
259.8807188439232,54.4317142281425
261.8797997595438,54.08439359424852
263.8788837934863,53.73490699969059
265.87796459652304,53.38323134593611
267.8770487443402,53.02933316248419
269.8761294263143,52.67318674539531
271.8752136929481,52.31475604709196
273.8742942475008,51.95401252393056
275.87337864143336,51.59091730991741
277.87245906397345,51.22543876657137
279.8715435883847,50.85753493809003
281.87062387008115,50.48717080289445
283.86970853380114,50.11430100906431
285.8687886728859,49.73888682384181
287.8678734741509,49.36087915346135
289.8669534674445,48.98023519231408
291.8660384200315,48.59690170851771
293.8651182576426,48.21083137392442
295.864203361196,47.82196637931635
297.8632830459526,47.43025449369358
299.8623683004764,47.03563278405849
301.86144782601764,46.63804322690821
303.86053323751554,46.23781764870843
305.8596126038436,45.8349101442226
307.8586981822085,45.42924028685859
309.8577774433733,45.02072053671059
311.8568631370254,44.60926413451844
313.8559423449607,44.19478157877226
315.85502809666764,43.77717824421725
317.8541072552601,43.35635567996214
319.8531930540709,42.93221044013053
321.8522721587262,42.50463478362883
323.851358009939,42.07351519960812
325.8504370617163,41.6387331438947
327.8495229653314,41.2001635931726
329.8486019617587,40.75767565435473
331.8476879181296,40.31113105788351
333.84676685744137,39.86124744104453
335.8458528676253,39.40986518743446
337.84493174558025,38.95692790069467
339.8440178198245,38.50237646878892
341.84309662935755,38.04614984445117
343.84218276836685,37.58818400254705
345.84126149923213,37.12841266542691
347.84034771607827,36.66676619690379
349.83942639123666,36.20317219398265
351.83851226233134,35.73590635209278
353.837588086244,35.26491528495416
355.83667610966245,34.79060527454435
357.83574737454984,34.31867211280383
359.83484018084897,33.84890249516737
361.8339086471264,33.38236568066036
363.83299386038664,32.91914383532183
365.83199045312824,32.46320870224054
367.831126720717,32.01599736105462
369.82999236012506,31.59415140379839
371.82924787939737,31.19712251053488
373.82793159213674,30.82503212535685
375.82737014119755,30.47586539995474
377.8259637208455,30.13572582663387
379.825552153445,29.8041729999658
381.82435962967804,29.47976993212514
383.82377233745905,29.16253007768053
385.82295845252986,28.85310708204692
387.8219751395228,28.55155951819648
389.8215565027271,28.25798018136406
391.82015795728194,27.97253868673875
393.82012421840756,27.69529871113388
395.81832207451686,27.4264813065294
397.81861951024484,27.1655684333524
399.81646774271104,26.91301374585685
401.81693732405114,26.67016889481655
403.8145866363081,26.43771990623836
405.8150261862103,26.21944060998941
407.8126694158417,26.01607287874171
409.81288448536515,25.83021804481195
411.8107441953267,25.66307001788687
413.81088349151565,25.51988262688381
415.8087734308562,25.40344747295006
417.8085154752978,25.3209389427933
419.80684359170556,25.26928213580365
421.80700629666865,25.23373255306549
423.8049017647415,25.214248109879
425.80419435680375,25.19536732761967
427.80161266381623,25.17647238595656
429.79980701798803,25.16149244992257
431.79879970383763,25.1563563938978
433.797082607559,25.16466646010432
435.79673797754344,25.19055046771316
437.79522531148194,25.23516913142424
439.79477763717534,25.30261454278465
441.7934932086129,25.3937150220634
443.79299499072926,25.51091122820462
445.7918410399412,25.65323878655206
447.7910914052121,25.82077615989774
449.7899462844233,26.01036122815887
451.78905802440084,26.21902979748827
453.78794818415787,26.44436529240759
455.7871999903792,26.68370134719183
457.7861691653186,26.93466901733352
459.7855911380988,27.19445238570647
461.78463385594904,27.46251122880984
463.7840846288965,27.73825840158877
465.7831762810108,28.02182721257726
467.7825765439454,28.31354576360159
469.78173160236855,28.61316906751425
471.7810373732059,28.92050037822469
473.78023893264174,29.23480629519308
475.77922591033854,29.55525024964851
477.7783395333447,29.88526491669434
479.7770956346195,30.22958145488788
481.77615078695675,30.59628096934072
483.7750913979268,30.96316916345231
485.77418062466677,31.32522015122581
487.7732628537804,31.68260056497977
489.77234785641764,32.03546750791902
491.7714214580941,32.38396930294199
493.7705084894223,32.72824616736303
495.769588245099,33.06843082232086
497.76867501972674,33.40464904444235
499.7677523636677,33.73702016631491
501.766838470019,34.06565753145986
503.76590835343217,34.39066890876507
505.7649895344248,34.71215687070944
507.76405711596834,35.03021913917394
509.76313649145305,35.34494890217351
511.76221492284816,35.65643510444537
513.7612958401943,35.96476271448551
515.7603804110955,36.27001297032676
517.7594611437974,36.57226360609229
519.758545103991,36.87158906113243
521.75762591489,37.16806067335489
523.756710010159,37.46174685818552
525.7557908257699,37.75271327444473
527.7548748745246,38.00270989795205
529.7539557146325,37.54356042461905
531.7530397069821,37.08398057066043
533.752120528838,36.62385057335992
535.7512046502561,36.16304950119064
537.750285584578,35.699403978531
539.7493694909682,35.23158107074533
541.7484502523033,34.75932932428926
543.7475338426291,34.28238881776876
545.7466145638168,33.8004840048398
547.7456975402619,33.31330604078013
549.7447777496711,32.82052407935949
551.7438616087547,32.32305088383976
553.7429423277355,31.82201567589725
555.7419951728059,31.3239125099275
557.7410554540605,30.83652754374002
559.7399932408362,30.36478334888482
561.7389872997505,29.91466094213946
563.7379442527401,29.47982101984695
565.7369461017705,29.05291861055099
567.7361356939575,28.63390265794549
569.7351884448282,28.22295230306723
571.7344776144407,27.81957611763457
573.733552623251,27.42332233584596
575.7327841339727,27.03367012342841
577.7318737048499,26.65009761696908
579.7310163016779,26.27294368277347
581.7301047358077,25.90279016531698
583.7291818585738,25.54085111002075
585.7282730475001,25.1889916831913
587.7273233894717,24.84793239228987
589.7264170860285,24.51893872273109
591.7254803487723,24.20289950524453
593.7246029046188,23.90143036171483
595.7236785446001,23.61512375591858
597.7228380974822,23.34510042230249
599.7218684789941,23.09010618895578
601.7210636463764,22.84837272568892
603.7200726018834,22.61787070960878
605.7193289593546,22.3956317851216
607.718397238333,22.17914930013616
609.7177570383109,21.9647820170111
611.7168337004181,21.75169403969117
613.7162126557271,21.53830548881562
615.7149388018657,21.32758518380728
617.7140304102932,21.12221910115342
619.7125632508598,20.92870307894783
621.7114327919326,20.75505655742257
623.7099279365777,20.60407390290604
625.7085378129267,20.47882855407471
627.7066876022715,20.38804806487221
629.7052343767429,20.3398408539786
631.7032820678099,20.30961500411306
633.7022836200649,20.28438142113974
635.7009121008184,20.25948212035916
637.6999816680158,20.23028833805533
639.6988204715636,20.19344853112726
641.6977340342207,20.15076312246528
643.6966887039546,20.10474110076158
645.6954179435049,20.05838052734745
647.6945869183032,20.01494912862382
649.6930352922857,19.97806932671239
651.6925692112602,19.94970685759396
653.6905791850536,19.93476823758537
655.6898438280315,19.91981841454771
657.687902828673,19.90830400848812
659.6857092454285,19.90026029100168
661.6853713523851,19.93485149929291
663.6819470021858,20.01097717388124
665.6827941403151,20.12057966295628
667.67921400724,20.25986233409731
669.6803910769526,20.41801325106995
671.6772488130978,20.5926075733959
673.6782298541391,20.78155856213719
675.6756935071055,20.9827238671925
677.6761847586891,21.19767598133387
679.6740959322149,21.42487863415174
681.6742115702269,21.66584678559892
683.6724857274826,21.91964505461827
685.6722951881853,22.18785762607771
687.670856271867,22.46990833667326
689.6703989647904,22.76740008361938
691.6691628531559,23.08020334375341
693.6685224201217,23.41004913611782
695.6674335156322,23.75696407381094
697.6666618353572,24.12163406850271
699.6656783938356,24.50425659028967
701.6648163642478,24.90470757590259
703.663915878928,25.32350357770896
705.662987292283,25.76091340153227
707.6621666337245,26.20340948951241
709.661173791983,26.63790913861983
711.6604435809502,27.06479843222923
713.6593744070573,27.48443292458722
715.6587544437264,27.89714092587908
717.6575853799446,28.3032263459625
719.6570926046676,28.7029711671664
721.6557977541835,29.09663760365267
723.6554241442379,29.48446999459081
725.6539947275986,29.84572718946406
727.6536843237897,29.57502187678615
729.6521622342309,29.26571099173171
731.6518519841252,28.98523802776986
733.6503068247771,28.73429714879713
735.6499702801292,28.51528872351861
737.6484360999165,28.32914917222972
739.6480758192819,28.17775726643632
741.6465522699398,28.06012753313344
743.6461831863792,27.96900212487145
745.6445384023692,27.90470638667132
747.6438650926298,27.86431946669365
749.64224515122,27.84232698852866
751.6412050408893,27.82147826398322
753.64008506865,27.80061390420056
755.6390356433322,27.78204183987283
757.6381260493614,27.77350651650116
759.6370934843069,27.7730125292054
761.636092648694,27.7781128411233
763.6350517904118,27.7873305910901
765.63407790596,27.79864161834098
767.6330577873908,27.81273598242972
769.6320680607259,27.83108753856561
771.6310450163757,27.86072734937918
773.6300514425558,27.91253977784215
775.6290382362228,27.98659668700194
777.6280316838672,28.08369347100564
779.6270273199607,28.20196723924929
781.6258874768856,28.3396782987236
783.6248504461843,28.49304541023806
785.623692214998,28.65844636324629
787.6227461557787,28.83286820436618
789.6217544095828,29.01321002418144
791.6208845410721,29.20329460355172
793.6199440867671,29.40645599447961
795.6190917806242,29.62525123043409
797.6181728641745,29.86191690764895
799.6173447564519,30.11676698268521
801.6163978049107,30.39006945168086
803.6155448052508,30.67992403128342
805.6145224106062,30.98498675206252
807.613682869789,31.30361140433544
809.6126989875064,31.63461592882931
811.611876572244,31.97668627470965
813.6109819897903,32.32590905071245
815.6101519280905,32.67088395429469
817.6093640319939,33.01174492193463
819.6085088987808,33.34861885695423
821.6077895583068,33.68162613814555
823.6068825495059,34.01088108199909
825.60616314299,34.33649236360731
827.6052098023367,34.65856340067423
829.6044278266518,34.97719270451029
831.6034327818186,35.292474201419
833.6025480282227,35.60449752747365
835.6015409374589,35.91334829933029
837.6006831433887,36.21910836341724
839.5997016838053,36.52185602557614
841.5989581211829,36.80284760792784
843.5979511396561,37.04513348719155
845.5971520294398,37.24625362215406
847.5960869308939,37.40989653572885
849.595022093124,37.5387856053223
851.5939627627706,37.6349644156963
853.5927685950409,37.70018313739751
855.5918532728574,37.75941244441952
857.5909356109651,37.82799503872265
859.5900772635542,37.91427036050074
861.5892579026356,38.02275793231449
863.5883016348508,38.14917432052151
865.5873063168773,38.29121926899717
867.5863681809896,38.4462051596691
869.5852963446686,38.61278277686293
871.5844299763828,38.78880858595519
873.5833352309169,38.9732201352363
875.5825220365305,39.16474429842438
877.5814232459269,39.36280531108205
879.5806532405705,39.56739259591357
881.5795650870066,39.77851832549407
883.5788083927098,39.996148665501
885.577721248132,40.22030428346503
887.5769720021462,40.45002461738728
889.5759011443604,40.68523377147264
891.5751486442939,40.92580685300508
893.5741048700471,41.17170508427513
895.5733361803913,41.42276869738212
897.5723260265175,41.67895216881809
899.5715322717106,41.93470563396212
901.5705646434628,42.18852874081659
903.5697373623453,42.44045669033895
905.5688169379271,42.69052359617317
907.5679489747205,42.93876253147342
909.567073329545,43.18520557316048
911.5661621430789,43.42988384378113
913.5653281406879,43.67282755112722
915.5643747533699,43.91406602575976
917.5635802182412,44.15362775657162
919.5625856913426,44.3913633030817
921.561800696379,44.62701763338603
923.5607739581123,44.86062877734941
925.5599418693096,45.09223361470931
927.5589169159044,45.32186792351576
929.5580415543924,45.54956642597317
931.5570488227374,45.77536283185291
933.5561696744359,45.9992898796321
935.555196506342,46.22141411569222
937.554312912372,46.4417875361877
939.5533486782069,46.66043878243189
941.5524563987998,46.87739571801024
943.5515019962559,47.09268545825695
945.5506058516212,47.30633439830693
947.5496576559927,47.51072026966439
949.5487592655826,47.69874114756461
951.5478148169441,47.87120473711008
953.5469145244962,48.02844819958372
955.5459720666591,48.17382885034595
957.5450726330834,48.30855879512562
959.5441304667398,48.43345203419133
961.5432338124831,48.54882649447853
963.5422894070416,48.65471881371915
965.5413975793765,48.7511863648044
967.5404490624176,48.83852759514398
969.5395595491219,48.91688177963228
971.5386062016946,48.98732664578336
973.5377188790999,49.05023719820412
975.5367626781685,49.10780161162116
977.5358573037568,49.10004250943319
979.5349059699854,48.98058773557703
981.5339438368047,48.86741681441612
983.5330285217592,48.76149188387335
985.5320342212292,48.65538645231044
987.531163381109,48.5440815341066
989.5301904768185,48.42422025907315
991.5293221502138,48.29074601051676
993.5283615284543,48.14229267817331
995.5274841113513,47.97854087305377
997.5265227931274,47.79935063447134
999.5256442517253,47.60457581704415
1001.5246801893813,47.39413054487041
1003.523803906362,47.16796076354537
1005.5228346954256,46.92601348953394
1007.5219637418767,46.66822241451001
1009.5209884143322,46.39454441555306
1011.5201241203561,46.10493246671597
1013.5191418025175,45.79936026012278
1015.5182851385741,45.47780088528629
1017.5172952944993,45.14024471404846
1019.5164466643878,44.78666924781876
1021.5154471485724,44.41707705750571
1023.5146078375344,44.03145816158474
1025.5135977225996,43.62982752554344
1027.512768968897,43.21235296764547
1029.5117497672559,42.80239287304847
1031.5109305329374,42.40031137404275
1033.509903713547,42.00564300401416
1035.50909236114,41.61812637162416
1037.5080614059775,41.23732465371032
1039.507255027602,40.86299281079351
1041.5062260863006,40.49477400006857
1043.5054192244227,40.13244800532711
1045.5043966759572,39.77811580842479
1047.5035840609921,39.43237569085421
1049.5025693174537,39.09925445145689
1051.5017479874762,38.77923930453049
1053.500747868686,38.47287581774274
1055.4999127349995,38.18004887757717
1057.4989107394008,37.89978070835852
1059.4980672832387,37.63170917064657
1061.497114184575,37.36795661246847
1063.4962433985352,37.10696972101276
1065.4954693430254,36.84461943836
1067.4944682153214,36.58038904801935
1069.4938923912957,36.31577295683653
1071.4927056802364,36.05142967878328
1073.4922816947287,35.78735918809835
1075.4909302907681,35.52354182281663
1077.4906326536016,35.26001708759884
1079.4891357047907,34.99679296251001
1081.4889268522875,34.73376527127083
1083.4873116156245,34.47088814338356
1085.4870837020014,34.2085607592036
1087.4854287427247,33.94674623456662
1089.4850693662368,33.68752226383471
1091.4834985820157,33.43109828259029
1093.482930823772,33.17976924842507
1095.481545553638,32.93369438380102
1097.4807641811583,32.69566442289236
1099.4796087690722,32.46591381740241
1101.4787151846228,32.24742879467808
1103.4777065581802,32.0405515060914
1105.476773379448,31.84300775581094
1107.4758179397725,31.65472256424566
1109.474459091951,31.47095159121488
1111.4738967476915,31.29092245687875
1113.471790236164,31.12827352643309
1115.4719990959354,30.98311334982011
1117.4696850170585,30.83792161561036
1119.4701330139708,30.66527747826793
1121.468244456409,30.46516620732442
1123.4682518569143,30.21328857249402
1125.4666847196731,29.90938226400173
1127.466395132231,29.54978118064908
1129.4649839088438,29.13416870154975
1131.464557524747,28.65869052755225
1133.4633595042076,28.12330319064799
1135.4627273997255,27.5746014934719
1137.4617441534483,27.05659504357494
1139.4608908720197,26.56800419097467
1141.4600458584002,26.10343436663741
1143.4590418411146,25.66193824795437
1145.4583760507242,25.23775119362051
1147.4571793425534,24.83024962525399
1149.456899561414,24.43610734917947
1151.455303468903,24.05507521837589
1153.455526330082,23.68624597161337
1155.4534165900009,23.32954794171466
1157.4540413903947,22.98104296161747
1159.4515172075517,22.64074856121028
1161.452111638653,22.30736425938259
1163.4495626683981,21.98132935845181
1165.449561368655,21.67976596867011
1167.4475028717552,21.40157699974695
1169.4469155073418,21.13444420085045
1171.44541482687,20.87809003402337
1173.4446474299477,20.62766402532333
1175.4432949396084,20.38365853979869
1177.442463546428,20.14655468502409
1179.4411407844282,19.91710083727823
1181.440302618841,19.69571398728864
1183.4389649990692,19.48366268418599
1185.4381678196753,19.28207005813478
1187.436758369452,19.09271822753031
1189.436002073552,18.91697103191559
1191.4344984968045,18.75756725463916
1193.4337421998641,18.61743050691192
1195.4320588706328,18.49921661107572
1197.431106200732,18.40377085494028
1199.4293042350903,18.32609002385247
1201.4281385570112,18.25148012203125
1203.42652627558,18.18134369446463
1205.4252034929289,18.11528641622796
1207.4236465424005,18.05381501156415
1209.422272966285,17.99699221489813
1211.4208613170042,17.94547171036854
1213.4194623579244,17.90022657967569
1215.4177658883148,17.86776674389522
1217.4162062119096,17.85438710981365
1219.4140797925957,17.84099744184478
1221.4129084345125,17.84022382259338
1223.4114735458252,17.8716195528852
1225.41043587727,17.94162597227244
1227.4091961278318,18.05174782166756
1229.40811448812,18.19452135790497
1231.4067929283897,18.36516143256253
1233.4057583447884,18.55976818410901
1235.404297559609,18.77574320952095
1237.4034116827368,19.01018220809767
1239.4016162566004,19.26161656021072
1241.401077215669,19.5275004968387
1243.398862631324,19.80716805442644
1245.3988251853082,20.08864600569985
1247.3965168870234,20.36976579968723
1249.3967818354542,20.64308917102367
1251.3947113920788,20.90718285804878
1253.3948381431985,21.1676452851933
1255.3929505114272,21.42494612632004
1257.3928822311445,21.68558693737216
1259.3911696053995,21.95007500282841
1261.390940585912,22.22310110306173
1263.389483512202,22.50480161431184
1265.3890304102038,22.79495514426748
1267.3877168735469,23.09333469600973
1269.38711500611,23.39875853290558
1271.3858302924505,23.7112520609443
1273.3852007425787,24.03029428427594
1275.3839559012245,24.35608822431378
1277.3833048792924,24.68818263556357
1279.3821177072987,25.0268378110967
1281.3814275416405,25.37163618602393
1283.3803195254236,25.72288299500705
1285.3795689249791,26.08005827123502
1287.3785619508776,26.44347543734647
1289.3777268848703,26.81226513910178
1291.3768611333696,27.18672073516032
1293.375906832581,27.56644877156275
1295.37523653147,27.95178606072014
1297.3741099809422,28.34265324108787
1299.373520859233,28.73943125409806
1301.3722865503885,29.13255111954401
1303.371524550454,29.51985857644241
1305.3704020338428,29.90158034070991
1307.3694861549866,30.27792851722889
1309.3685279873648,30.64910188944135
1311.3676134724285,31.01528706604202
1313.3666879743462,31.3766595036703
1315.3657874684518,31.7333844216132
1317.3648529014397,32.08561762214428
1319.363949734852,32.43350622813695
1321.3630167818947,32.77718934792999
1323.3621150693211,33.11679867603146
1325.361180995288,33.45245903707473
1327.360279033193,33.78428887944712
1329.3593451364081,34.11240072417194
1331.3584433851236,34.43690157390588
1333.357509431005,34.75789328630229
1335.356607563392,35.07547291546557
1337.3556737409538,35.38973302476914
1339.3547714549572,35.70076197392085
1341.3538380736786,36.00864418282249
1343.3529351908903,36.3134603744768
1345.3520024313004,36.61528779894181
1347.3510987351601,36.91420044011079
1349.3501668074662,37.21026920690099
1351.3492621199202,37.50356211026617
1353.348331203944,37.79414442729712
1355.3474253522375,38.08207885354409
1357.346495616146,38.36742564457919
1359.3455884497826,38.65024274771366
1361.34466004231,38.93058592469495
1363.3437514295126,39.20850886612826
1365.3428244824333,39.48406329829464
1367.3419143030892,39.75729908297498
1369.3409889308718,40.02826431083245
1371.3400770885337,40.29700538885376
1373.3391533876222,40.56356712230632
1375.3382398020954,40.82799279162532
1377.3373178516285,41.0903242246097
1379.3364024550842,41.35060186427263
1381.3354823197135,41.60886483266173
1383.3345650683416,41.8651509909385
1385.3336467879876,42.1194969959818
1387.3327276591813,42.37193835375794
1389.3318112564548,42.62250946968076
1391.330890238907,42.87124369616703
1393.3299757187524,43.11817337757529
1395.3290528276536,43.31019376123804
1397.3281401762947,42.89890948838758
1399.327215443794,42.48618684851623
1401.3263046205998,42.07189454819274
1403.3253781025162,41.65589576077225
1405.3244690544955,41.23804975433108
1407.3235408236048,40.81820963622028
1409.3226334656138,40.39622385426229
1411.3217036165947,39.97209661556
1413.3207978539524,39.54799514841085
1415.3198665139857,39.12381353883117
1417.3189622187997,38.69944569686981
1419.318029524252,38.27478334223914
1421.3171265502617,37.84971793288191
1423.3161926297241,37.42413903377008
1425.3152908366749,36.99793513513971
1427.3143560384883,36.57099153353334
1429.3134551342112,36.14319297210681
1431.312519281022,35.71260665442048
1433.3116192676343,35.27812386856932
1435.3106826791643,34.8395168301752
1437.3097834213552,34.3965422664168
1439.3088486875333,33.94892066726427
1441.3079481111686,33.49637704986414
1443.3070134532027,33.03872155437576
1445.3061120772531,32.57565626935691
1447.305191720149,32.1070621642256
1449.304280115796,31.63261235485995
1451.3033408048627,31.15195663237628
1453.3024375082466,30.66468420762405
1455.3013962749312,30.16954893773963
1457.300576075709,29.66301066845503
1459.2994378928413,29.14620805660941
1461.2987161119038,28.62261483553106
1463.297497328086,28.1067697818015
1465.296853709149,27.59955434550875
1467.2955894588918,27.11207454918405
1469.294995765672,26.64476439104069
1471.2937064953192,26.19935608647544
1473.2931255968851,25.77527958754648
1475.2917353841437,25.36443752993368
1477.2912167827399,24.96502112777784
1479.2898353966827,24.574990084177
1481.289322512347,24.19352924976814
1483.2881342827811,23.82160421735071
1485.287463135256,23.45904789954131
1487.2864875617324,23.10560717596408
1489.2856040239258,22.76105782026664
1491.2848121000152,22.42511210686121
1493.2837275780919,22.09770448962254
1495.2831098223655,21.77839979879203
1497.2818308086757,21.4672978671047
1499.2814299325844,21.16380680773817
1501.2799311411825,20.86830403399472
1503.2795526251944,20.58040416722017
1505.2778924173745,20.30032249404692
1507.277372339971,20.03225271308821
1509.2757145056848,19.77814054132485
1511.2757637061284,19.54589987052884
1513.273784599326,19.34145518949569
1515.2745791509878,19.16374486839607
1517.271781282421,19.01713976416571
1519.272969429543,18.89231417047857
1521.2694447248746,18.79224209068825
1523.2719120033444,18.70897706186691
1525.2670382848316,18.64953134354495
1527.2693460623068,18.59637866535307
1529.2636476147234,18.54664089548955
1531.2618120312288,18.51857304055564
1533.260215572937,18.50470607360074
1535.2540664563805,18.49082870728941
1537.2568281825481,18.49254413180244
1539.2513622531262,18.50832409687317
1541.2541215236708,18.55716103773507
1543.2502917892332,18.6304459996561
1545.2517291011927,18.73758760646728
1547.248826295612,18.87134973078538
1549.2494492959709,19.03302009412658
1551.2470256600268,19.21725652599676
1553.2472575957854,19.42012858075141
1555.2451457801883,19.63845849528672
1557.2451618747505,19.86935960337994
1559.243314711421,20.11087705989435
1561.2431282362709,20.36153461946841
1563.241507749551,20.62017659679582
1565.2411364861607,20.88642311445795
1567.239724728411,21.15960605347945
1569.2391776232712,21.43982939790361
1571.2379669733268,21.72669349360519
1573.2372399094854,22.02031605566035
1575.2362199594397,22.32051442528099
1577.2353175923242,22.62733301853537
1579.2344788365276,22.94078428864774
1581.2334117461194,23.26094466112303
1583.232772000872,23.58799014060345
1585.2315044455029,23.92208062640231
1587.2309209765097,24.26354786737284
1589.2295726187592,24.61342202449654
1591.2287987924478,24.97287211288794
1593.2276681017845,25.35082367234082
1595.2267666167315,25.74663421535907
1597.2258006831999,26.13949825774907
1599.2248746766902,26.52971582955242
1601.2239397259336,26.91052231238485
1603.2229961768128,27.28248447651577
1605.222080497501,27.64576086758298
1607.2211211008819,28.00083894087603
1609.220223440674,28.34783263623499
1611.2192575127253,28.68715581490974
1613.2183677490068,29.01880194725623
1615.217407725046,29.3431292842083
1617.2165126570321,29.66014531382278
1619.2155724166028,29.97015621193309
1621.214657185891,30.27299780541238
1623.2137329481839,30.5689354657601
1625.2128020719151,30.85793621119222
1627.2118753075456,31.14023803227481
1629.21094693682,31.41726353216167
1631.2099949532915,31.68924145661222
1633.2090908501332,31.95822213404079
1635.208093052051,32.22444129746955
1637.2072334166082,32.48985591143575
1639.2062151302757,32.754697447898
1641.2053796427062,33.02067423261513
1643.204373299338,33.28798425831859
1645.2035302060908,33.55619264868896
1647.2025379367267,33.82539403319547
1649.201683264791,34.09372120123373
1651.2007107364982,34.36116690890002
1653.1998390092788,34.62593201893948
1655.1988764343255,34.88798552178655
1657.1979934796263,35.14587875009776
1659.197053337464,35.3995921262884
1661.1961531968107,35.64853810202473
1663.1952579553042,35.89274276510941
1665.194318590461,36.13178740245743
1667.193475896832,36.36623618433342
1669.1924899457224,36.59565105116487
1671.1916975718223,36.81990697968325
1673.1906627363464,37.03887068041843
1675.1898580501193,37.2525213354594
1677.1888159062494,37.46244104729573
1679.1879450515826,37.66893769157803
1681.1869501175186,37.87417022822098
1683.1860274045775,38.07858801829762
1685.1850843560594,38.28435237479344
1687.184158699948,38.49193478069679
1689.1832356880252,38.70216983085982
1691.1823347739114,38.91526461643496
1693.1814000139223,39.13100310670632
1695.1805139544394,39.3493728423669
1697.1795650878687,39.57026177896024
1699.1786879298259,39.79368629417203
1701.1777302672551,40.01954216156031
1703.1768616983597,40.24777249257491
1705.1758959272913,40.47745422013291
1707.175032214389,40.70859221552119
1709.174061069961,40.94106983283648
1711.1731999428505,41.17489621166252
1713.1722256624173,41.40995397146881
1715.1713651529562,41.64625088751308
1717.170389580319,41.88367712686129
1719.1695281269963,42.12224125248363
1721.168552840281,42.36183609531695
1723.1676894072677,42.60246921276575
1725.1667155302769,42.84403573769243
1727.1658496060197,43.08654193798969
1729.1648778901936,43.32988285953366
1731.1640091641575,43.57353339321844
1733.1630399846854,43.81546678507281
1735.1621687755376,44.05571186453054
1737.161202267026,44.29429663948461
1739.1603296406292,44.530798281027
1741.1593652459478,44.76524131004194
1743.158489978171,44.99766307107844
1745.1575275623682,45.22809978749256
1747.1566493327846,45.45658660833175
1749.1556897518703,45.68315765272232
1751.1548110239348,45.90784605192088
1753.153853304256,46.13069547563909
1755.152973550868,46.35178212728893
1757.1520168237005,46.5711349754167
1759.1511355414293,46.78878219834223
1761.15018036885,47.00475121424425
1763.1492991110915,47.21906870978529
1765.1483448091403,47.43176066736154
1767.1474640065494,47.64285239105779
1769.1465098877363,47.85236853138225
1771.1456293682616,48.05334766642037
1773.1446751718627,48.24550194898229
1775.143795892201,48.42928469089784
1777.1428413119181,48.60512012738719
1779.1419612742418,48.77340580270717
1781.1410060730188,48.93451471174139
1783.140110351408,49.09383933395981
1785.139159405283,49.25210059084339
1787.1382423931066,49.40931158359368
1789.1373056784878,49.56548515021321
1791.1363871137619,49.72063387291423
1793.1354620887635,49.87477008526036
1795.1345518726446,50.02790587905289
1797.1336275797896,50.18005311097322
1799.1327187179493,50.33122340899126
1801.1317931954472,50.4814281785503
1803.1308836953574,50.63067860853781
1805.1299582288123,50.77899037848732
1807.1290491188868,50.92638799818469
1809.128123428497,51.07288170645764
1811.1272144787474,51.21848155539522
1813.1262885977192,51.3631974151278
1815.1253798841012,51.50703897845019
1817.1244538103183,51.65001576529414
1819.1235453904176,51.79213712705646
1821.1226190712384,51.93341225078798
1823.1217109047784,52.07385016324914
1825.1207843324316,52.21345973483731
1827.1198764261276,52.35224968339053
1829.1189495988453,52.49022857787288
1831.1180419636469,52.62656709745026
1833.117114869772,52.76094581729216
1835.1162075131,52.89340220831265
1837.1152801459207,53.02397273755827
1839.114373066714,53.15269290466865
1841.1134454212843,53.27959727665225
1843.1125386273163,53.40471952107117
1845.1116106937432,53.52809243772324
1847.1107041892508,53.6497479889039
1849.109775964709,53.76971732832465
1851.108869751461,53.88803082876056
1853.1079412264107,54.00471810849435
1855.1070353086473,54.11980805662034
1857.1061064784951,54.23332885726815
1859.1052008555077,54.34563950434822
1861.1042717124817,54.45735282644686
1863.103366388511,54.56847408934387
1865.1024369350848,54.67900848503887
1867.1015319051833,54.78896113320466
1869.1006021367637,54.89833708260389
1871.0996973995193,55.00714131246989
1873.0987673157565,55.11537873385311
1875.0978628669288,55.22305419093392
1877.0969324653447,55.33017246230288
1879.096028303877,55.43673826220963
1881.095097585886,55.54275624178106
1883.09419369729,55.64823099020985
1885.0932626752606,55.7531670359143
1887.0923590496468,55.85756884767017
1889.091427723222,55.96144083571529
1891.0905243510504,56.06478735282815
1893.089592731537,56.1675895259907
1895.0886895947888,56.26984177751638
1897.0877576945518,56.3715487546248
1899.086854774858,56.47271504330878
1901.085922609087,56.57334516946627
1903.0850198799528,56.67344360000508
1905.0840874705532,56.77301474392159
1907.0831849075971,56.87206295335419
1909.082252277531,56.97059252461186
1911.0813498528487,57.06860769917901
1913.0804170261426,57.16611266469695
1915.0795146874457,57.26311155592271
1917.0785817033106,57.35960845566604
1919.077679447065,57.4556073957049
1921.076746338006,57.55111235768021
1923.0758440992101,57.64612727397056
1925.0749108899545,57.74065602854707
1927.0740084283723,57.83470245780924
1929.0730752591742,57.92828192712366
1931.0721724433847,58.02141249810553
1933.0712394905338,58.11409753167088
1935.0703362290374,58.20634034958883
1937.0694036009916,58.29814423512259
1939.0684997217365,58.3895124336571
1941.0675675742946,58.48044815331329
1943.0666630345343,58.57095456554965
1945.065731487107,58.66103480575126
1947.0648262741213,58.75069197380657
1949.063895364862,58.83992913467235
1951.0629893850307,58.92874931892703
1953.0620591888367,59.01715552331272
1955.0611524361548,59.1051507112663
1957.060223009198,59.1927378134397
1959.0593152812328,59.27991972820961
1961.058386710066,59.36669932217723
1963.0574784035568,59.45307943065779
1965.0565506528517,59.53906285816046
1967.0556405842938,59.62465237885876
1969.0547139002924,59.70982654121014
1971.0538044554164,59.79454726162498
1973.0528785855163,59.87881805019239
1975.0519669373386,59.96264237630287
1977.0510414236846,60.04602366930642
1979.0501208226983,60.12896531915695
1981.0492014591607,60.0130664863977
1983.0483260370672,59.75381008393958
1985.0473884561798,59.49465565588956
1987.0464443436538,59.2353237456753
1989.0455159578414,58.97569727794549
1991.044271407512,58.71685443030515
1993.043544066635,58.45896898084632
1995.042467020391,58.21405230900438
1997.0417849792282,57.98497018401956
1999.041074523968,57.78355305087098
2001.0400836389429,57.61262464327544
2003.0390588699115,57.44390083049137
2005.038130429151,57.27469761657568
2007.0371211846368,57.10109999005736
2009.036328208916,56.9008431771823
2011.0357872420357,56.66908145240416
2013.0346576076272,56.4098732123453
2015.0341093423601,56.12416008454212
2017.0328360105639,55.81617067928816
2019.0321033071118,55.48682390268983
2021.0309421005943,55.1545052308612
2023.0301000485695,54.83321768279482
2025.0290503798171,54.52207736134963
2027.0280150034337,54.21437391916421
2029.0271323374468,53.90874961879175
2031.0258130092807,53.60138367783365
2033.0251918836452,53.28932277950046
2035.023809160772,52.97130705377295
2037.0233374372588,52.63964102278972
2039.022138539513,52.29307542463235
2041.0215555497982,51.94987308534016
2043.0205089412173,51.61898377815857
2045.0197726140357,51.29943032743503
2047.018829088769,50.97936645940016
2049.0179780738235,50.65728061247318
2051.0170532423863,50.33268907258218
2053.0161508108504,49.99447994213247
2055.01527229905,49.64085704542744
2057.0143385994634,49.27149288863787
2059.013472216402,48.89884504801267
2061.012502097518,48.53118684847204
2063.0115429759167,48.16446102889947
2065.0106414007537,47.79792828346698
2067.009707746514,47.42856282345787
2069.0088153646475,47.05591625036704
2071.0078907740467,46.6810685818274
2073.0069768239136,46.30525504571681
2075.0059832976895,45.92967390885453
2077.0051226583482,45.55443392794781
2079.0040953928465,45.17943968239125
2081.0032741586565,44.80458401604123
2083.00223789794,44.43933415876475
2085.001433690787,44.08510274319012
2087.000422836314,43.74342472099933
2088.999605114378,43.4144226807568
2090.9986038298084,43.09652273187311
2092.9977690764936,42.78934117148841
2094.996742237199,42.49172091642097
2096.9959221160093,42.20336372311596
2098.994885691877,41.92305283606566
2100.9940773344956,41.65049964627648
2102.993048309691,41.38445432921118
2104.9922358780077,41.12463117069711
2106.9912250383163,40.86980159803433
2108.990398342191,40.61969276205999
2110.989425505831,40.37287957701846
2112.9885682076106,40.12905680029384
2114.9876570181664,39.88780506093318
2116.986748865802,39.64935266717863
2118.985913502003,39.41392422130281
2120.9849376749003,39.18156320090771
2122.9841709516386,38.95260430700142
2124.9831262129455,38.72711933610135
2126.98241392888,38.50537551203789
2128.981309653004,38.28743574448154
2130.9806400836683,38.07359277033482
2132.9794860279753,37.86392143382743
2134.978848002854,37.6587024721143
2136.977653745594,37.4580144415947
2138.9770383442383,37.26215582757136
2140.9758122257476,37.07121780996813
2142.9752108322386,36.88549651930212
2144.9739603262456,36.7050901219275
2146.9733657967968,36.53021045008905
2148.9720982184,36.36094648026898
2150.971507987089,36.19748028869219
2152.970227500084,36.03990883612453
2154.9696367449055,35.88824582969225
2156.9683473102964,35.742564448918
2158.9677530109934,35.60316941574749
2160.966459214391,35.47024540339749
2162.9658552039964,35.34417817687207
2164.964561912572,35.22518389039811
2166.9639425798287,35.11362011576595
2168.9626574103636,35.00972872822488
2170.9620430758137,34.91412767159036
2172.9607531577444,34.82717129285393
2174.9601348298893,34.74840979130906
2176.958838882153,34.67804639003412
2178.958226310889,34.61418876411432
2180.956922964801,34.55695950573016
2182.956181741812,34.50604294590398
2184.9549815224427,34.46144951494876
2186.9538835730127,34.42619331231476
2188.953039819734,34.40041449642008
2190.951676074334,34.37461634802855
2192.9511349231448,34.35683741856368
2194.9497333687127,34.34714907216107
2196.9492216964763,34.34975070089492
2198.94784667526,34.36410286452482
2200.947310212395,34.3895837014106
2202.9459782869967,34.42571594340749
2204.945409666361,34.47221220559344
2206.944127432867,34.52868083900254
2208.943519617995,34.59538611694085
2210.9422882315566,34.67199116325279
2212.9416384335273,34.75879853118609
2214.9404493208913,34.85551443335184
2216.9397640488887,34.96231226305913
2218.9386081277235,35.07894593353535
2220.9378961551374,35.20544636229988
2222.9367670545766,35.34164211001097
2224.936034021515,35.48779236168317
2226.934928468297,35.64378770587284
2228.93417636262,35.81001122998706
2230.933083999777,35.98643009251797
2232.932318988,36.17371395821279
2234.931222692103,36.37238644365807
2236.930461828986,36.58254062492765
2238.9293512335435,36.80403374176733
2240.928608067856,37.03557952269492
2242.927487364539,37.27707174276224
2244.926762352677,37.52728500141468
2246.9256473791966,37.78608847414613
2248.9249273181586,38.05205540198021
2250.9238406451327,38.32519441489979
2252.923102042858,38.60492956783954
2254.9220573437883,38.885666916334
2256.9212798259564,39.16397553021572
2258.9202763165194,39.43990744474907
2260.919457154686,39.71351281509349
2262.9184889724525,39.98484001068675
2264.917633597291,40.2539357036096
2266.9166957997886,40.52084495139589
2268.9158096052374,40.78561127470856
2270.914899644214,41.04827673026614
2272.9139854459463,41.04833661276456
2274.913101720664,40.62368339989906
2276.912160738219,40.20865477975567
2278.9113016733863,39.80416721427392
2280.910335262678,39.41101854111101
2282.909499513349,39.02891921903558
2284.9085088907514,38.65753661963306
2286.907695484705,38.29662615385509
2288.9066815645397,37.94588850703841
2290.9058899139354,37.60507819221436
2292.9048528552094,37.27395390486626
2294.904081216972,36.95240316123641
2296.903022198986,36.6402676186902
2298.9022688152095,36.33770707422435
2300.9011895486115,36.04458474152108
2302.9004524405946,35.76005657194055
2304.8993551299295,35.48399054760014
2306.898634582471,35.21693995509523
2308.8975251311854,34.95879305636259
2310.896839752211,34.70921791280804
2312.895710266218,34.46774464838092
2314.8950891074596,34.23233322054526
2316.8939129502182,34.00253708670664
2318.89337722403,33.77638849485608
2320.892130381435,33.55338252406031
2322.8916828936804,33.33139055968533
2324.890344732917,33.11028206733764
2326.8899369762607,32.88936726761328
2328.8885234040563,32.6690720372832
2330.888081388026,32.45063154317911
2332.8866618902803,32.23445682531765
2334.886138335208,32.02170210926736
2336.8847666264837,31.81279690289093
2338.8841352208606,31.60880716820818
2340.8828308053853,31.41020984677644
2342.8820829616475,31.21804449407368
2344.8808555823957,31.03284968474674
2346.8800033246794,30.85564597665391
2348.8788473129316,30.68703596094442
2350.8779162255005,30.5280035688692
2352.876815797287,30.37926362667805
2354.8758397948645,30.2418394202746
2356.874777047924,30.11633542773411
2358.873789689122,30.00354948620422
2360.8727325265577,29.90432511063866
2362.871752705842,29.81964401950964
2364.8706962743186,29.75086061456858
2366.8697491205744,29.6994794671581
2368.8687715526444,29.66326728275102
2370.867863405651,29.64105501260022
2372.866668750129,29.61882608463844
2374.865743234544,29.60281159760889
2376.8639573954074,29.60662156273996
2378.8632599742723,29.64577162415387
2380.861335725602,29.72912348938549
2382.8610775007633,29.85289078670989
2384.8595475596835,30.01432482237496
2386.8593767107395,30.2118690201663
2388.8580664588476,30.44409312672192
2390.857738313133,30.70792523161303
2392.856564826375,31.0018564830274
2394.8561120768754,31.32498257504079
2396.8552469601705,31.43448284974814
2398.8545809613756,30.99771700030943
2400.854025515526,30.51783504836253
2402.853097829268,29.99590065137632
2404.8528463402477,29.46820467359136
2406.851644534785,28.95954716238553
2408.851621467831,28.46727565619064
2410.850129907836,27.98995213663077
2412.8500044240964,27.52798999204373
2414.8483166890546,27.08119687905394
2416.8478132595815,26.65610299941288
2418.846189560699,26.25493652474659
2420.8453718746086,25.88179147469511
2422.8439910054244,25.53795134688528
2424.8433880692437,25.23091000378374
2426.84207631324,24.96406693016089
2428.8422401475163,24.74224854360973
2430.8404052011297,24.56950993826925
2432.8396834722926,24.39566447965849
2434.837946249401,24.21828300384307
2436.8348798091642,24.0232361019703
2438.835215287632,23.76975195709462
2440.8308538779,23.4468514314128
2442.8330682215887,23.03596689218058
2444.829344909708,22.53460323447349
2446.831408577193,21.89437654519517
2448.828282888704,21.2790450663744
2450.829591312164,20.7587347750591
2452.8283519396314,20.31419865788483
2454.8281838175203,19.9459749087536
2456.8336848300064,19.70920018210418
2458.828050818773,19.63839985269919
2460.83307623039,19.60816065458695
2462.8250077815896,19.59347778916055
2464.828964884401,19.57878391250498
2466.8218487950994,19.67815278175663
2468.8253688253867,19.89459894513536
2470.818747516177,20.11039897366262
2472.8141614361307,20.32630091721087
2474.815063102406,20.37366595102107
2476.81006184566,20.31166567503943
2478.8130220206294,20.29237501292806
2480.80944303024,20.27717979820367
2482.8097774790017,20.26197318802024
2484.8062448422334,20.26251495454355
2486.8077749432637,20.34053802590983
2488.8053827755693,20.48605102472942
2490.806337396021,20.69283626854059
2492.804642835264,20.95395234783096
2494.80469765807,21.26669797749091
2496.803384663254,21.62904107166872
2498.8030987989273,22.04173305090921
2500.802106840222,22.50486854646265
2502.801560899774,23.01518505401269
2504.800871556474,23.51368855326984
2506.8000528155867,24.00111621240698
2508.799662567539,24.32611647954497
2510.7985291397094,23.83584519682651
2512.7983702643664,23.39849733946512
2514.7969499298483,23.01251736330088
2516.796963517404,22.67488268094334
2518.7950287926787,22.38853784968132
2520.7946526159085,22.15813004794718
2522.7923866411425,21.99479462433035
2524.791391955708,21.92080588379869
2526.7894625584486,21.90439127722239
2528.788315060001,21.88796436071955
2530.7873406711783,21.87202195736994
2532.78629256393,21.86660048873332
2534.7854441761533,21.88779434945383
2536.7844897508157,21.93500265120333
2538.7836285900394,22.00972677965802
2540.782656219301,22.11271019467987
2542.781531785463,22.24649765773985
2544.780366786993,22.40786719536926
2546.778635762181,22.59538772331375
2548.7774148473327,22.80085119529683
2550.7751395743076,23.01864573123279
2552.774345998569,23.24776539252755
2554.7712390539787,23.48784736962107
2556.7711837362417,23.78353753634819
2558.7712732588006,24.16035314473912
2560.771574087245,24.53415781688493
2562.7668694404774,24.85808419967914
2564.7661438525743,25.25634372090005
2566.7645196817434,25.70827692923231
2568.766886315093,26.15174132126938
2570.771902033387,26.5871616446272
2572.769450565865,26.9803608563751
2574.7677313163413,27.35159411681891
2576.7650411926356,27.57393525402005
2578.7632749619756,27.58200117038301
2580.7628686559274,27.60545538452005
2582.7660557878253,27.74978789240457
2584.7635396744477,27.97479469239747
2586.763746589636,28.26181100450122
2588.7602381611277,28.56646631423112
2590.7586644484845,28.87183255848937
2592.7570957887647,29.18614503028594
2594.7560891775433,29.51200679505072
2596.7548535963097,29.84363196148006
2598.7531672549594,30.1801354917886
2600.7527962455697,30.52298887111338
2602.750601519346,30.87285263614074
2604.7509659261646,31.22833012815478
2606.748226617853,31.58695063918129
2608.7492552659965,31.94101632697994
2610.746090948727,32.29067780624774
2612.7473118899297,32.63607741142567
2614.7441756136996,32.97734982287968
2616.745367105907,33.31462263340884
2618.7424716043556,33.26184936698904
2620.7434964419776,32.79834665778149
2622.7409152308514,32.3160017783232
2624.74168443345,31.81424179299826
2626.7394375581307,31.29296381272797
2628.7399067873957,30.76791446580023
2630.7379931919163,30.24546817484994
2632.7381396740448,29.72494780490501
2634.7365453775146,29.20600131725094
2636.7363642816913,28.68792693385095
2638.735056473135,28.17029730208874
2640.734569155076,27.65243777628063
2642.733491531849,27.13508199801625
2644.7327491832366,26.61779759219044
2646.7317843770516,26.10869692984148
2648.730905071689,25.60714319497545
2650.729883373344,25.12483028398476
2652.7290496015808,24.66047791278816
2654.727991224628,24.20839921390418
2656.7271838055744,23.76760769179998
2658.726286115067,23.3368277261095
2660.725292962297,22.9152305295955
2662.7244897851633,22.50317011771206
2664.7233794504177,22.09974873543285
2666.7224802322253,21.70954819371542
2668.721423005857,21.33188980087752
2670.7203830073,20.97031387577414
2672.719409505301,20.62451886255896
2674.718481231041,20.29759691908628
2676.717361238126,19.99034738230542
2678.716953711053,19.70323175711623
2680.7152969604394,19.43830461410083
2682.7153943458798,19.19114350081267
2684.713144642547,18.96401608696015
2686.7139051056342,18.74899637149475
2688.710937794971,18.54950118524973
2690.7130164255914,18.35623551868826
2692.708673448263,18.17401847726073
2694.7129534978426,17.99962557802647
2696.7061230315026,17.84142729004313
2698.7114239591674,17.69278017554053
2700.703106623766,17.55793356696394
2702.7051760644217,17.48846452995486
2704.6999517368886,17.47536892268547
2706.6977957704207,17.46226349453108
2708.696664221235,17.46679782203707
2710.694534149739,17.4910918443916
2712.693797965988,17.56688852230927
2714.69190254699,17.68272130940437
2716.690537243132,17.83241574600291
2718.6885164290848,18.01064086683544
2720.6868651135105,18.21520111116618
2722.6849447354252,18.43819521677867
2724.6836510698304,18.67094946651155
2726.682432134478,18.90932262243821
2728.681990919839,19.14711978024218
2730.681253162543,19.38589568687017
2732.6806647521407,19.62599663389571
2734.679792210507,19.86836925508929
2736.6788800230415,20.11529312734569
2738.678093791942,20.36886344860877
2740.67730044745,20.63050212321975
2742.6764395548266,20.90148052144466
2744.6755807754244,21.18324040738537
2746.674689383406,21.47705260643107
2748.673795088562,21.78424188660438
2750.6728670858215,22.10399583723252
2752.6719273579397,22.43606166641372
2754.670997021065,22.77918411415564
2756.670102196692,23.13256620356062
2758.669183059534,23.49479969995174
2760.6683682660123,23.86479401042372
2762.6674574057342,24.24149857789043
2764.6666836297168,24.62404619946777
2766.665774359603,25.01277755479137
2768.6650160878357,25.40810411594275
2770.6641194147546,25.81054681697873
2772.6633672483804,26.22067094752602
2774.6624820703787,26.63779228206051
2776.661496027189,27.06123562334485
2778.6605286347108,27.48092978047685
2780.659303146192,27.89369478836755
2782.658324060159,28.29983475147988
2784.657254267614,28.69963182731282
2786.6563384292617,29.09334838819196
2788.6554237677788,29.48122891651124
2790.654505705651,29.86350167254404
2792.6535864873,30.2403801673292
2794.652668926638,30.61206446778453
2796.651750847079,30.97874235684153
2798.650833185885,31.34059036782032
2800.6499149824763,31.69777470932278
2802.648997343694,32.05045209449031
2804.6480792333527,32.39877048644702
2806.6471615901332,32.74286977005966
2808.6462434993778,33.0828823587311
2810.645325859492,33.41893374374867
2812.6444078187055,33.75114299270053
2814.643490195226,34.07962320261974
2816.6425721563587,34.40448191278499
2818.641654528442,34.72582148148487
2820.6407366024287,35.0437394305212
2822.639819037198,35.35832876076612
2824.638901510908,35.66967824169254
2826.637984061711,35.97787267745734
2828.6370668333966,36.2829931518176
2830.636149396014,36.58511725390451
2832.635232153371,36.88431928665248
2834.634314693535,37.18067045948709
2836.6333974037098,37.47423906670151
2838.632479938735,37.76509065279982
2840.6315626299906,38.05328816595446
2842.630645154575,38.33889210060602
2844.62972781808,38.62196063013003
2846.628810330814,38.90254973040501
2848.627892973284,39.18071329503344
2850.626975476638,39.45650324289442
2852.6260581114966,39.72996961864434
2854.6251406061815,40.00116068672256
2856.6242232341356,40.27012301936776
2858.6233057212125,40.53690157910626
2860.622388356046,40.80153979613076
2862.6214708341026,41.06407964095092
2864.620553484998,41.32456169266532
2866.6196359568617,41.58302520317325
2868.618718634773,41.83950815761695
2870.6178010993845,42.09404733132291
2872.6168838071403,42.34667834348619
2874.615966262736,42.59743570782339
2876.615049039198,42.84635288040037
2878.6141314956685,43.0934623048261
2880.6132142617016,43.33879545498749
2882.612296673124,43.58238287548649
2884.611379136919,43.82425421992976
2886.610461454187,44.06443828720832
2888.609543623514,44.30295987116645
2890.6086259374233,44.53938575334845
2892.6077080306163,44.77375440544419
2894.606790376848,45.00610313025203
2896.6058724151044,45.23646811113338
2898.604954778824,45.46488445880308
2900.6040367112714,45.69138625562866
2902.603119098133,45.41174096816219
2904.602201329992,45.01140956881235
2906.6012838922616,44.60653770389741
2908.6003678246598,44.19563587203506
2910.5994507075393,43.79472599812536
2912.5985346065545,43.4062281032074
2914.5976165791976,43.03126679278889
2916.5966922952525,42.66959811451177
2918.595771977721,42.32099758121492
2920.594777502608,41.98426111945977
2922.593839569749,41.65828875184852
2924.5927985516314,41.33949264409383
2926.591879617866,41.02471203373542
2928.5909275015347,40.71327349053053
2930.5900376086133,40.40461403319986
2932.5891694053125,40.09869495083932
2934.5882760033123,39.79630988439146
2936.5874273491168,39.49846132534126
2938.586527136568,39.20567774122848
2940.585681654932,38.91826369780497
2942.5847728169865,38.63648728854336
2944.5839218403976,38.36039298538751
2946.583006836948,38.09002205399452
2948.582147586437,37.82576952156133
2950.581226679591,37.56799986473771
2952.580352984301,37.31709862767215
2954.5794261330484,37.07342729034472
2956.5785371803927,36.83730960489626
2958.5776050842014,36.6090574608945
2960.5767039721,36.38897986476525
2962.5757664090715,36.17738121915895
2964.5748573140186,35.97451457067525
2966.5739141678832,35.78026366613638
2968.573001082665,35.59502069992272
2970.572051354295,35.41918758886914
2972.5711395142,35.2533571675909
2974.5701828364918,35.09812770239662
2976.5692845004646,34.95395901788537
2978.568320963114,34.82135217425775
2980.5674441263013,34.70004885576257
2982.566468313764,34.5899360160898
2984.5656192147785,34.49047200817343
2986.564625450784,34.40134296137087
2988.5637791974978,34.32203202584828
2990.5627516396626,34.25222254181742
2992.5619766442273,34.19114496085053
2994.560932733482,34.13852152948148
2996.560210151303,34.09400897473503
2998.5590849171285,34.05746945162142
3000.558130800105,34.0271714308454
3002.5569572763766,34.00169140812623
3004.555749001901,33.97619227698637
3006.554715029075,33.9546260083008
3008.55357609085,33.94202490948938
3010.552692249449,33.94260137130527
3012.5516674651826,33.95806995617181
3014.550800789753,33.99018374006759
3016.5497777551727,34.03945199519397
3018.5489224129924,34.10762542194618
3020.5478737414683,34.19514225297384
3022.547038587276,34.3031818259632
3024.5459045910025,34.43195761803023
3026.545128980035,34.57915943634234
3028.543859104675,34.74391316965652
3030.543204135785,34.92369886182383
3032.541818839726,35.11772522108366
3034.5413018839417,35.3236810745378
3036.5398615792533,35.54092013927428
3038.5394392115313,35.76749874734577
3040.538005411118,36.00292438126682
3042.5376111521014,36.24719638124062
3044.5362268616886,36.50134696648491
3046.5358022957485,36.76574669741662
3048.5344911165425,37.04055638930058
3050.5340021760844,37.32609451194477
3052.5327853910303,37.61831235141135
3054.532208475226,37.90784459387243
3056.5311020468002,38.19475295769249
3058.530420080699,38.47909677425481
3060.5294302090547,38.76093311603319
3062.5286348003815,39.04031691594564
3064.5277607234875,39.31730107870462
3066.526850701105,38.87907737377741
3068.526093587983,38.44149948389001
3070.5250681990433,38.01704183705601
3072.524429056552,37.60493275491176
3074.5232855818194,37.20469557449317
3076.5227576304196,36.8156594905257
3078.521497688994,36.43742580688324
3080.521072815141,36.06939567003243
3082.5197006040385,35.70971689753552
3084.5193637719212,35.35756316205362
3086.5178871881085,35.01273588619974
3088.5176185445252,34.67485809540191
3090.5160531106176,34.34376205875297
3092.5158394851,34.01896041675712
3094.5141983687163,33.70028003354999
3096.513950897402,33.38793678308834
3098.5123016229113,33.08180958651436
3100.5119073588753,32.78436416766633
3102.5103769922034,32.49572331354916
3104.5098193451777,32.21775252967766
3106.508459279001,31.95049584545013
3108.5077408399598,31.69529298689931
3110.50655459298,31.45213766221893
3112.505659926192,31.22234753837703
3114.5046622268383,31.00594696724962
3116.5035824931056,30.80434789222312
3118.5027676273376,30.61765776028565
3120.5016381414357,30.4474902152133
3122.5008455798143,30.29437716764664
3124.4994953239934,30.16090673514224
3126.4988882657203,30.04747843376135
3128.497563496436,29.95939341284011
3130.497094793537,29.89748800480081
3132.4968371734685,29.85792018423402
3134.495135813905,29.83556215526333
3136.4938896506146,29.81318735917167
3138.4926732941008,29.84159696694031
3140.4905734639874,29.92675558451365
3142.490932550191,30.0980928939057
3144.4895163335245,30.34842949812305
3146.4890940328964,30.65420446092703
3148.487388811604,31.01090285410849
3150.4868988809612,31.37233229079474
3152.4848128709627,31.72911227422198
3154.485157378494,31.84741005326339
3156.48348796369,31.32869413057326
3158.483723647507,30.79486597608757
3160.482794944427,30.26624395809792
3162.4821693927283,29.74577180424058
3164.4815518586515,29.24810473900031
3166.480362925482,28.77484117580503
3168.4798297907905,28.33579286620525
3170.4787106596264,27.93301551967753
3172.47869524893,27.57784145054798
3174.4770654343474,27.26881125109397
3176.477158094841,26.9967319514907
3178.475110479979,26.7546680947875
3180.475093716802,26.51339113968966
3182.4732821402513,26.27556946472649
3184.4732657069435,26.0505716580322
3186.471228730005,25.84139730385514
3188.4707034106978,25.65598259751716
3190.4689170358365,25.49227058109998
3192.4680920747314,25.34578123684545
3194.4668653374447,25.21762772015709
3196.465950456046,25.10959313425751
3198.4647508774,25.02221869918086
3200.4637329752177,24.95556406186935
3202.4625459179433,24.90886681409054
3204.461448725509,24.88000408227905
3206.46032920458,24.86137358663065
3208.4592357746205,24.84272911927774
3210.4582282103825,24.82604740988221
3212.457155365358,24.81246087401522
3214.4561604848977,24.80385306778824
3216.4551112366826,24.79819627831499
3218.4541237588824,24.7934754075768
3220.45308036602,24.78867511799245
3222.452103645834,24.78281428187157
3224.4510476377077,24.77499192337097
3226.450019021678,24.76428308573792
3228.4489265026546,24.75203959842773
3230.4477741833875,24.73917418266746
3232.446689847745,24.73000506317456
3234.4455535531324,24.72718275175391
3236.444530026407,24.72896924015002
3238.44346495108,24.73378605672546
3240.442449170863,24.74170245825478
3242.4413923689226,24.75213786824087
3244.440371566707,24.7699213242189
3246.439302430618,24.79642621617011
3248.438294970069,24.83721594288603
3250.436900793979,24.89352078471982
3252.4360604323183,24.96745703541495
3254.4341456970474,25.05956262489569
3256.433806744735,25.16594264323749
3258.4317502732038,25.2853709215053
3260.431780491407,25.41534504716756
3262.4298604486285,25.5545612907924
3264.429889995421,25.70372209574388
3266.4280645860954,25.86225636219735
3268.4280057024102,26.03048623891301
3270.4263119942766,26.20794733161761
3272.4261380657936,26.39506583642747
3274.4246326411444,26.59139068202581
3276.424284092457,26.79732073018166
3278.4229504162076,27.01253978595545
3280.422435931302,27.23761025219865
3282.421261875623,27.47235242582898
3284.420594866367,27.71739321518217
3286.4195548622065,27.97267852905484
3288.418759213513,28.23890834698012
3290.417823280026,28.51615135725502
3292.4169270220327,28.80521771656066
3294.416067064631,29.10629872038006
3296.4150970795913,29.42020072750936
3298.4142868867643,29.74721124838927
3300.4132673544605,30.08851989760342
3302.4124998685415,30.44457354115423
3304.411442570737,30.81349343626469
3306.4107457422638,31.17750493484847
3308.409632630043,31.53677880747977
3310.4090416596423,31.8914759652261
3312.4078382787616,32.24174824165351
3314.4073046351978,32.58773909675692
3316.4060248480364,32.92958425214059
3318.405451945381,33.26741226548688
3320.4041757857776,33.60134505126192
3322.4035450710985,33.93149835368541
3324.4023148450674,34.25798217721101
3326.401629455688,34.39621615220414
3328.400447880136,34.04280484795278
3330.399710886063,33.71034224544817
3332.3985793942184,33.39892854082967
3334.3978179142377,33.10903002269912
3336.3967125208214,32.84069929202641
3338.395955750484,32.59344463850178
3340.394844971198,32.36733353754709
3342.394114648722,32.15797928292517
3344.3929711907044,31.9650626185334
3346.392212309706,31.77351213895994
3348.391076074752,31.58164851832595
3350.3902670314674,31.39094563672185
3352.389175663808,31.20153218484502
3354.388361639608,31.01403152704288
3356.3872811604797,30.82857024999043
3358.386491841008,30.64483567310697
3360.38538390078,30.46288329594434
3362.384607019584,30.28264400138967
3364.383479997486,30.10420323847883
3366.3827098639613,29.927905626815
3368.3815696760275,29.75386995567073
3370.3807978210684,29.58252547869407
3372.379654623011,29.41401618967931
3374.378873657145,29.24879655559175
3376.377743534554,29.08704968208976
3378.376947146881,28.92930452842185
3380.375824550006,28.77581295827489
3382.3750060162765,28.62714747233359
3384.373892567925,28.48364061209952
3386.3730138815777,28.34646534296822
3388.371946710376,28.21566315151649
3390.3710346696357,28.08827414811999
3392.3700067605682,27.96438648821882
3394.36914334179,27.84151215608993
3396.368076999566,27.7197413446887
3398.3672982891776,27.59745224024712
3400.3661539573645,27.47405518896091
3402.3654506323383,27.34964675026313
3404.364227369947,27.22205572954065
3406.36355759093,27.09131747189426
3408.362285370449,26.95574732350588
3410.361593163878,26.81575438586489
3412.360300601898,26.67248960944796
3414.3595007892222,26.52832951308131
3416.3582652411556,26.38584858119949
3418.3573530185904,26.24808996403396
3420.35623373895,26.11602324256915
3422.355264499963,25.99194268787192
3424.3542126420207,25.87631379632327
3426.3532179478525,25.76952818537346
3428.352214965762,25.67195775281288
3430.351244008326,25.58373124510472
3432.3502164300025,25.50392899148602
3434.349228521695,25.4297875318232
3436.348062751101,25.35842073377077
3438.346976064317,25.28697408230759
3440.345852637608,25.21265022792344
3442.344772401978,25.13610690659878
3444.343798401063,25.05859119974999
3446.3427616230583,24.9798347665036
3448.3418230114094,24.89945902360498
3450.340798402283,24.81792785190364
3452.3398472843005,24.73588068660329
3454.338827287226,24.65457380166252
3456.337860142379,24.57313976250917
3458.336818871084,24.49146400364121
3460.335804478157,24.40908105577873
3462.334740990416,24.32255086673012
3464.3337503967364,24.22880213654816
3466.3326787854385,24.12825537815841
3468.3317363355245,24.02140736968399
3470.3306375763163,23.90848295543353
3472.3297216318747,23.78985918369656
3474.3285791031203,23.66578700033942
3476.327660557794,23.53664361518609
3478.326482684353,23.40264913985719
3480.325548834465,23.26410708342121
3482.324354847497,23.12245149535734
3484.323381843263,22.97933948068288
3486.322198784018,22.8372874657252
3488.321199527894,22.69854730809485
3490.320041226918,22.56460589305413
3492.319070351734,22.43783193109981
3494.3178911249006,22.32007063120847
3496.316991751735,22.21141205167047
3498.3157241133986,22.11357738605961
3500.314940413327,22.02647518788229
3502.3135147193047,21.952285783344
3504.3128462230875,21.89192099107505
3506.3112361151034,21.84820732457077
3508.31073951007,21.81659788270519
3510.308890169267,21.80026130854015
3512.3075466016307,21.783912482968
3514.3064388129187,21.77399306819122
3516.303628544248,21.77171226232935
3518.303943342807,21.7972539571041
3520.301052385177,21.84944938097099
3522.3017258483605,21.93670554708506
3524.299351632271,22.05511111094372
3526.2996290694887,22.20606932395913
3528.297611702219,22.38688422866678
3530.297624149045,22.59811173481351
3532.295855924835,22.83820592756235
3534.2956811302843,23.10869267222548
3536.294082656273,23.40866005384409
3538.29378368278,23.73883706886146
3540.292291464049,24.09840752010328
3542.291926462413,24.48552942539576
3544.2905371417137,24.89983716466454
3546.290147263111,25.339055042932
3548.2889638655365,25.78941722202737
3550.288457070365,26.23139049277966
3552.2875914567067,26.66539296221104
3554.286802144375,27.09180865629382
3556.286278009469,26.77321680243994
3558.285132496446,26.22150253419912
3560.284908877093,25.693657553533
3562.283436388656,25.18878308565304
3564.283443276315,24.70671483238915
3566.2817014859584,24.24692286308628
3568.2818189417862,23.80975463859611
3570.279920353817,23.39498073016956
3572.280048357829,23.00333195680859
3574.278113448339,22.63484947126449
3576.2781817992413,22.29028328205363
3578.276266217442,21.97000642933435
3580.2761950259433,21.67485582166854
3582.27434945345,21.40589814814247
3584.2740618292464,21.16500280726612
3586.2721332016986,20.95355430667765
3588.271347349811,20.77267599898708
3590.2709487148786,20.62383474866084
3592.2709603348567,20.51616131713283
3594.2704581085914,20.44992090250804
3596.2690947185592,20.41641894629816
3598.2642521423577,20.40113084573849
3600.261951493486,20.38583128006122
3602.25808504985,20.37752631479736
3604.258700998571,20.39881650039199
3606.256553658697,20.44840121557457
3608.2568787108403,20.53051324619503
3610.253426113169,20.64775583023556
3612.254738766366,20.79119133337117
3614.2512691747647,20.95611687192194
3616.2528719499905,21.13360820412684
3618.249576353504,21.32016932729835
3620.251027278617,21.51333533300871
3622.248375515744,21.71118876396712
3624.2492259055275,21.91380982934548
3626.247266470808,22.11943304383995
3628.2473793845393,22.3331034713548
3630.2458238614827,22.55428537634192
3632.2454844150393,22.78902471299935
3634.244183393429,23.03722636701481
3636.2435806294034,23.3042542279221
3638.242477450067,23.59032102261197
3640.2417030521556,23.89599816141003
3642.240777567926,24.22121687882774
3644.2398527925234,24.56260766326786
3646.2390540953897,24.91987556205417
3648.238017560381,25.29034066038035
3650.237325532879,25.67398272695227
3652.2361956348473,26.06756097675826
3654.2355869396774,26.47103060456244
3656.2343793679875,26.8851361260041
3658.2338294377223,27.30779771434003
3660.2325628846615,27.72339707459069
3662.232038889958,28.13224811577772
3664.2307376558642,28.53464181475673
3666.2302211980045,28.93084850185162
3668.228905485464,29.32111986142228
3670.22839604017,29.70569068967001
3672.2270673259127,30.08478044475668
3674.226549486442,30.45859461847528
3676.225215562164,30.82732595396743
3678.224680538088,31.17370394475081
3680.223350627352,31.48142836383507
3682.2227079749537,31.75084161334635
3684.221442401487,31.98322847683157
3686.2204914652925,32.17917207043267
3688.219473877818,32.34551335436257
3690.218226809778,32.48385107916217
3692.217525703862,32.61742826528476
3694.216248084382,32.74935953906614
3696.2156451555147,32.88562879635711
3698.214429073232,33.02674795611583
3700.213787136383,33.17376808004668
3702.212610350282,33.32664449629321
3704.2119305914566,33.48630216493325
3706.210786856197,33.65269409629995
3708.2100756211253,33.8267173492147
3710.2089521937583,34.00834093794185
3712.2082218417827,34.19827214082359
3714.2071064686575,34.39649482507786
3716.2063699321466,34.60251267275218
3718.2052599696585,34.81626117273789
3720.2045210422143,35.03720573432707
3722.203420312225,35.26531200722071
3724.202675396727,35.50013203339733
3726.2015896129396,35.74166347941791
3728.2008328289885,35.98948300122737
3730.199770169967,36.24361054662106
3732.198993220693,36.50471887452695
3734.1979634452405,36.77295314900041
3736.1971564503538,37.04795071798484
3738.1961701962487,37.3298243485716
3740.1953223971864,37.61817186774284
3742.1943871431313,37.90770539221349
3744.1934904313157,38.19461500882082
3746.192604230726,38.47896005006934
3748.1916592244243,38.76079758949459
3750.190814010407,39.04018256102027
3752.189827948786,39.31716787031275
3754.189014871923,39.59180449877928
3756.187996183306,39.86414160079505
3758.1872054911796,40.13422659469184
3760.186163444348,40.40210524799057
3762.1853893554585,40.66782175731642
3764.184329964029,40.93141882339792
3766.18351165723,41.19293772151435
3768.1824876892183,41.4524183677246
3770.181558361193,41.7098993811832
3772.1806397507194,41.96541814282246
3774.1796653932797,42.21901085065597
3776.178800804886,42.47071257193951
3778.177864195464,42.72055729240435
3780.1769684062674,42.96857796276206
3782.1760971572303,43.21480654266277
3784.1751387725762,43.45927404227639
3786.174345023486,43.70201056165185
3788.173309427271,43.94304532799731
3790.172549623411,44.1824067310152
3792.1714751699824,44.41988925830768
3794.170686270871,44.65529521788095
3796.1696362147945,44.88866249825271
3798.168788803821,45.12002784379833
3800.167796076879,45.34942690286764
3802.1668941511034,45.57689427332544
3804.1659574033943,45.80246354568192
3806.1650295590935,46.02616734396696
3808.164121137957,46.2480789221465
3810.1631836509546,46.46824318057137
3812.1622856444997,46.6866886651644
3814.161338043508,46.90344314775332
3816.160450368005,47.1185336553709
3818.1594956255603,47.33198649814102
3820.1586152900973,47.54382729583249
3822.1576551945245,47.7540810031585
3824.156780323862,47.95940175362114
3826.1558164935536,48.15567232432192
3828.1549454230108,48.34336069186213
3830.1539789729295,48.52290453284423
3832.1531105514996,48.69471373678483
